name,locs
Breeze/breeze.js.samples/de6a267,436327
Breeze/breeze.js/adc3375,127530
CardinalPath/gas/b8038ae,13272
ChangerHe/My-code/5d1efd5,94582
ClojureBridge/curriculum/2dbad92,13604
Createdd/votingApp/d1c6db7,32990
DeuxHuitHuit/quicksearch/cf5d29e,11189
DimAce74/Education/6e5b0fa,107408
DimiMikadze/laravel-angular-cms/efe98f2,58718
Dormilich/jqueryui-form-dialog/17b2836,13967
EMCECS/ecs-browser/dec9d31,26075
EPCCed/EPCC-Facilities-Presentation/e4679fb,14688
EmmetBlue/Emmet-Blue-Ui/5f559ae,84795
EsriUK/pulse/2c00fb5,10686
Esri/storymap-cascade/45d3bcf,173892
Esri/storymap-series/7fc15db,67103
Esri/storymap-tour/2e56c7e,57023
EvanOxfeld/streams-0.10-presentation/f57d68a,12404
FirebaseExtended/firepad/0993e5f,17603
FullstackAcademy/Study-Saturday-Fullstack/7ec487a,33585
FullstackAcademy/code-review-starter/42c9405,13362
Fuzzyma/jquery.dataFilter/7547cc1,18703
HOPLONG/17052017/983bf41,660428
HelloZeroNet/ZeroNet/47ff6c6,22605
HenrikJoreteg/Happy.js/2d295bd,12643
Huxpro/css-sucks-2015/481d7f6,16450
Huxpro/js-module-7day/442fc74,90986
Hzy0913/blog-server/913f408,13338
Irrelon/ForerunnerDB/c57fc49,558166
JeremyLikness/AngularHealthApp/cee7cd6,22634
JoshSGman/ionic-shop/2f23408,54462
KayFelicities/ExperienceBase/866ad2c,40019
KenCorbettJr/html5sql/86e4291,12027
Khan/live-editor/f544c18,324366
Kloudless/file-picker/378ba25,25795
Kunstmaan/BootstrapCK4-Skin/469e58f,105565
LimeSurvey/LimeSurvey/75f0c37,1391849
LivePersonInc/engage.liveperson/3d4d7d0,52896
MarcosSpessatto/Distributed-Departures-And-Arrivals/328012e,57886
Matttaylor8910/strategery/b8f5ec9,97466
MidnightBSD/midnightbsd-app-store/271bf40,110420
MikeHanson/angular-cookie-service/d26ad06,20386
NdYAG/ANNO/8bdde81,38178
Nealyang/React-Express-Blog-Demo/a248037,80071
NicholasJacques/corkboard/c6f2335,209404
OanaMariaRosu/feedback/ef87367,42943
OpenGeoportal/ogpHarvester/e3e9f24,92478
OpenTreeOfLife/opentree/28c3b8b,56832
PaulSavignano/aussiemoving-staging/7667d8b,19895
PolymerElements/iron-location/ce97b04,11785
ProjectTLU17/Study/dc84403,18181
Radhee/spiffcode/da94651,467090
Ramos114/reader/75c6e99,75665
Raxa/Raxa-JSS/d35ddc5,1031922
RetireJS/retire.js/f44bd0a,12675
SAP/openui5/f54f06d,1924376
SAP/ui5-automation-framework/61db499,351234
Sean12697/SlackChat/a123ba5,10987
Shulkin/far-east-natural-hazards/61663e6,12049
SkypLabs/git-slideshow/a56e6c6,14817
SmallImprovements/ladda-example-crud/888b005,41451
Soontao/openui5/8c3745b,302418
SteamDatabase/SteamTracking/0b88313,1014743
StephenGrider/ReactSSRCasts/99f2814,39100
TalAter/annyang/317bc64,12973
TheGamesDB/TheGamesDB/b120524,249996
UtrechtUniversity/yoda-portal-research/07daf44,28767
Vannilaknight/SwingFace/d879b6c,78300
Xowap/a-bugs-life/4a2548a,16953
Xowap/je-vous-presente-bernard/a1f2ae0,17491
benas/gamehub.io/e60645f,11380
bevacqua/angularjs-dragula/daa3ef9,22766
bfitch/cachejax/2583159,13277
blackberry/Alice/ba84bf8,21311
blockstrap/framework/74ca918,103734
booktype/Booktype/a1fe45e,192587
bpm/bpm/67bc55f,26664
bradwestfall/CSS-Tricks-React-Series/21e5100,69806
brandonaaron/bgiframe/3e8a04d,10704
brandonaaron/livequery/70a3060,16737
c2corg/tpb/d198ff4,39774
caitp/angular-semantic/17a3822,31410
caitp/ui-comments/4aee630,27809
camagu/jquery-feeds/571f0e9,11477
camsys/onebusaway-nyc-atstop/acca630,46408
cburgdorf/angular-todo-app/250dc2a,29936
ccoenraets/nodecellar/e249ca3,11082
ccoenraets/sociogram-angular-ionic/8903183,45217
cfpb/pantheon/7703003,54717
cfry/dde/4c55da2,91152
